{
    "Ar36": {
        "error": 0.00042715197497738, 
        "filter_outliers_dict": {
            "filter_outliers": true, 
            "iterations": 1, 
            "std_devs": 2
        }, 
        "fit": "Linear", 
        "value": 0.02262471793077186
    }, 
    "Ar37": {
        "error": 0.009896087801922051, 
        "filter_outliers_dict": {
            "filter_outliers": true, 
            "iterations": 1, 
            "std_devs": 2
        }, 
        "fit": "linear", 
        "value": 0.49146154379487267
    }, 
    "Ar38": {
        "error": 0.005002853531169848, 
        "filter_outliers_dict": {
            "filter_outliers": true, 
            "iterations": 1, 
            "std_devs": 2
        }, 
        "fit": "linear", 
        "value": 0.5430241883097591
    }, 
    "Ar39": {
        "error": 0.017594757535626875, 
        "filter_outliers_dict": {
            "filter_outliers": true, 
            "iterations": 1, 
            "std_devs": 2
        }, 
        "fit": "Linear", 
        "value": 44.134094258528386
    }, 
    "Ar40": {
        "error": 0.02331133703150716, 
        "filter_outliers_dict": {
            "filter_outliers": true, 
            "iterations": 1, 
            "std_devs": 2
        }, 
        "fit": "Linear", 
        "value": 190.62027729050277
    }, 
    "PM41": {
        "error": 0.07666643397777385, 
        "filter_outliers_dict": {
            "filter_outliers": false, 
            "iterations": 1, 
            "std_devs": 2
        }, 
        "fit": "linear", 
        "value": -0.137692749652618
    }
}