{
    "Ar36": {
        "error": 0.0008418196485488808, 
        "filter_outliers_dict": {
            "filter_outliers": true, 
            "iterations": 1, 
            "std_devs": 2
        }, 
        "fit": "Linear", 
        "value": 0.1454080057771579
    }, 
    "Ar37": {
        "error": 0.011360635781019833, 
        "filter_outliers_dict": {
            "filter_outliers": true, 
            "iterations": 1, 
            "std_devs": 2
        }, 
        "fit": "linear", 
        "value": 1.8172622148150979
    }, 
    "Ar38": {
        "error": 0.006802933940391829, 
        "filter_outliers_dict": {
            "filter_outliers": true, 
            "iterations": 1, 
            "std_devs": 2
        }, 
        "fit": "linear", 
        "value": 4.378764210995813
    }, 
    "Ar39": {
        "error": 0.034588046729199594, 
        "filter_outliers_dict": {
            "filter_outliers": true, 
            "iterations": 1, 
            "std_devs": 2
        }, 
        "fit": "Linear", 
        "value": 341.36893465226234
    }, 
    "Ar40": {
        "error": 0.07924030095545961, 
        "filter_outliers_dict": {
            "filter_outliers": true, 
            "iterations": 1, 
            "std_devs": 2
        }, 
        "fit": "Linear", 
        "value": 1475.106457338787
    }, 
    "PM41": {
        "error": 0.06698556778738331, 
        "filter_outliers_dict": {
            "filter_outliers": false, 
            "iterations": 1, 
            "std_devs": 2
        }, 
        "fit": "linear", 
        "value": -0.0611838147056598
    }
}