{
    "Ar36": {
        "error": 0.0003046738127970275, 
        "filter_outliers_dict": {
            "filter_outliers": true, 
            "iterations": 1, 
            "std_devs": 2
        }, 
        "fit": "Linear", 
        "value": 0.014528091688703714
    }, 
    "Ar37": {
        "error": 0.009961744471885749, 
        "filter_outliers_dict": {
            "filter_outliers": true, 
            "iterations": 1, 
            "std_devs": 2
        }, 
        "fit": "linear", 
        "value": 0.24314283389118374
    }, 
    "Ar38": {
        "error": 0.0047114565836366825, 
        "filter_outliers_dict": {
            "filter_outliers": true, 
            "iterations": 1, 
            "std_devs": 2
        }, 
        "fit": "linear", 
        "value": 1.5992267126285131
    }, 
    "Ar39": {
        "error": 0.018903152510532248, 
        "filter_outliers_dict": {
            "filter_outliers": true, 
            "iterations": 1, 
            "std_devs": 2
        }, 
        "fit": "Linear", 
        "value": 123.44431110024118
    }, 
    "Ar40": {
        "error": 0.042221451205473416, 
        "filter_outliers_dict": {
            "filter_outliers": true, 
            "iterations": 1, 
            "std_devs": 2
        }, 
        "fit": "Linear", 
        "value": 516.535341403236
    }, 
    "PM41": {
        "error": 0.06121660626927716, 
        "filter_outliers_dict": {
            "filter_outliers": false, 
            "iterations": 1, 
            "std_devs": 2
        }, 
        "fit": "linear", 
        "value": -0.09522870255422142
    }
}