{
    "Ar36": {
        "error": 0.0008223487485421226, 
        "filter_outliers_dict": {
            "filter_outliers": true, 
            "iterations": 1, 
            "std_devs": 2
        }, 
        "fit": "Linear", 
        "value": 0.09990418778782778
    }, 
    "Ar37": {
        "error": 0.010831387209744523, 
        "filter_outliers_dict": {
            "filter_outliers": true, 
            "iterations": 1, 
            "std_devs": 2
        }, 
        "fit": "linear", 
        "value": 8.64903355551134
    }, 
    "Ar38": {
        "error": 0.004822589797517238, 
        "filter_outliers_dict": {
            "filter_outliers": true, 
            "iterations": 1, 
            "std_devs": 2
        }, 
        "fit": "linear", 
        "value": 1.0633082037187067
    }, 
    "Ar39": {
        "error": 0.01941371604770431, 
        "filter_outliers_dict": {
            "filter_outliers": true, 
            "iterations": 1, 
            "std_devs": 2
        }, 
        "fit": "Linear", 
        "value": 70.13855731010328
    }, 
    "Ar40": {
        "error": 0.027575703347029478, 
        "filter_outliers_dict": {
            "filter_outliers": true, 
            "iterations": 1, 
            "std_devs": 2
        }, 
        "fit": "Linear", 
        "value": 314.1271181331399
    }, 
    "PM41": {
        "error": 0.07358243763778617, 
        "filter_outliers_dict": {
            "filter_outliers": false, 
            "iterations": 1, 
            "std_devs": 2
        }, 
        "fit": "linear", 
        "value": -0.10826455541814495
    }
}