{
    "Ar36": {
        "error": 0.00026633853533562313, 
        "filter_outliers_dict": {
            "filter_outliers": true, 
            "iterations": 1, 
            "std_devs": 2
        }, 
        "fit": "Linear", 
        "value": 0.010093113613205258
    }, 
    "Ar37": {
        "error": 0.010277025202851725, 
        "filter_outliers_dict": {
            "filter_outliers": true, 
            "iterations": 1, 
            "std_devs": 2
        }, 
        "fit": "linear", 
        "value": 0.766391422804825
    }, 
    "Ar38": {
        "error": 0.006045463310722043, 
        "filter_outliers_dict": {
            "filter_outliers": true, 
            "iterations": 1, 
            "std_devs": 2
        }, 
        "fit": "linear", 
        "value": 4.347088429183044
    }, 
    "Ar39": {
        "error": 0.03369275059617234, 
        "filter_outliers_dict": {
            "filter_outliers": true, 
            "iterations": 1, 
            "std_devs": 2
        }, 
        "fit": "Linear", 
        "value": 331.8589965181376
    }, 
    "Ar40": {
        "error": 0.07099973837385037, 
        "filter_outliers_dict": {
            "filter_outliers": true, 
            "iterations": 1, 
            "std_devs": 2
        }, 
        "fit": "Linear", 
        "value": 1347.0692454058126
    }, 
    "PM41": {
        "error": 0.06515944119348184, 
        "filter_outliers_dict": {
            "filter_outliers": false, 
            "iterations": 1, 
            "std_devs": 2
        }, 
        "fit": "linear", 
        "value": -0.04588720452723961
    }
}