{
    "Ar36": {
        "error": 0.00031753180353120774, 
        "filter_outliers_dict": {
            "filter_outliers": true, 
            "iterations": 1, 
            "std_devs": 2
        }, 
        "fit": "Linear", 
        "value": 0.017746766646572206
    }, 
    "Ar37": {
        "error": 0.010923421732187176, 
        "filter_outliers_dict": {
            "filter_outliers": true, 
            "iterations": 1, 
            "std_devs": 2
        }, 
        "fit": "linear", 
        "value": 0.20235993293299945
    }, 
    "Ar38": {
        "error": 0.004173519047626951, 
        "filter_outliers_dict": {
            "filter_outliers": true, 
            "iterations": 1, 
            "std_devs": 2
        }, 
        "fit": "linear", 
        "value": 1.050488426455931
    }, 
    "Ar39": {
        "error": 0.016204681242655804, 
        "filter_outliers_dict": {
            "filter_outliers": true, 
            "iterations": 1, 
            "std_devs": 2
        }, 
        "fit": "Linear", 
        "value": 73.38642901715293
    }, 
    "Ar40": {
        "error": 0.02904663482875655, 
        "filter_outliers_dict": {
            "filter_outliers": true, 
            "iterations": 1, 
            "std_devs": 2
        }, 
        "fit": "Linear", 
        "value": 302.53707098223066
    }, 
    "PM41": {
        "error": 0.07060778515997601, 
        "filter_outliers_dict": {
            "filter_outliers": false, 
            "iterations": 1, 
            "std_devs": 2
        }, 
        "fit": "linear", 
        "value": -0.12354727269421034
    }
}