{
    "Ar36": {
        "error": 0.00026991621343131915, 
        "filter_outliers_dict": {
            "filter_outliers": true, 
            "iterations": 1, 
            "std_devs": 2
        }, 
        "fit": "Linear", 
        "value": 0.011345912528677053
    }, 
    "Ar37": {
        "error": 0.00953174576786932, 
        "filter_outliers_dict": {
            "filter_outliers": true, 
            "iterations": 1, 
            "std_devs": 2
        }, 
        "fit": "linear", 
        "value": 0.46494856907664994
    }, 
    "Ar38": {
        "error": 0.004766002179390514, 
        "filter_outliers_dict": {
            "filter_outliers": true, 
            "iterations": 1, 
            "std_devs": 2
        }, 
        "fit": "linear", 
        "value": 2.9918092516706336
    }, 
    "Ar39": {
        "error": 0.030894641845188253, 
        "filter_outliers_dict": {
            "filter_outliers": true, 
            "iterations": 1, 
            "std_devs": 2
        }, 
        "fit": "Linear", 
        "value": 227.8028910995178
    }, 
    "Ar40": {
        "error": 0.04727457254189498, 
        "filter_outliers_dict": {
            "filter_outliers": true, 
            "iterations": 1, 
            "std_devs": 2
        }, 
        "fit": "Linear", 
        "value": 927.9455948042832
    }, 
    "PM41": {
        "error": 0.06629004412762537, 
        "filter_outliers_dict": {
            "filter_outliers": false, 
            "iterations": 1, 
            "std_devs": 2
        }, 
        "fit": "linear", 
        "value": -0.1008137278401327
    }
}